fecha,fecha valor,importe,saldo
,,,
12/03/2021,12/03/2021,105000.00,105000.00
13/03/2021,13/03/2021,6.47,105006.47
14/03/2021,14/03/2021,78.81,105085.28
16/03/2021,16/03/2021,-972.84,104112.44
22/03/2021,22/03/2021,458.84,104571.28
23/03/2021,23/03/2021,-1226.99,103344.29
24/03/2021,24/03/2021,-908.78,102435.51
26/03/2021,26/03/2021,478.91,102914.42
28/03/2021,28/03/2021,414.38,103328.80
03/04/2021,03/04/2021,635.22,103964.02
04/04/2021,04/04/2021,34.47,103998.49
08/04/2021,08/04/2021,-488.75,103509.74
10/04/2021,10/04/2021,-460.05,103049.69
12/04/2021,12/04/2021,-965.42,102084.27
13/04/2021,13/04/2021,269.63,102353.90
15/04/2021,15/04/2021,-33.21,102320.69
17/04/2021,17/04/2021,-935.53,101385.16
18/04/2021,18/04/2021,205.31,101590.47
19/04/2021,07/04/2021,2044.91,103635.38
22/04/2021,22/04/2021,-753.82,102881.56
03/05/2021,03/05/2021,373.81,103255.37
04/05/2021,04/05/2021,352.31,103607.68
06/05/2021,06/05/2021,-871.64,102736.04
17/05/2021,17/05/2021,-796.03,101940.01
23/05/2021,23/05/2021,-306.41,101633.60
27/05/2021,15/05/2021,-569.73,101063.87
28/05/2021,28/05/2021,399.93,101463.80
30/05/2021,30/05/2021,1402.12,102865.92
31/05/2021,31/05/2021,-1015.18,101850.74
01/06/2021,01/06/2021,272.06,102122.80
02/06/2021,02/06/2021,-779.29,101343.51
05/06/2021,05/06/2021,-1189.59,100153.92
11/06/2021,11/06/2021,-232.55,99921.37
13/06/2021,13/06/2021,526.87,100448.24
15/06/2021,15/06/2021,202.32,100650.56
19/06/2021,19/06/2021,-0.14,100650.42
23/06/2021,23/06/2021,1407.66,102058.08
24/06/2021,24/06/2021,-472.72,101585.36
05/07/2021,05/07/2021,-501.77,101083.59
06/07/2021,06/07/2021,-664.28,100419.31
07/07/2021,07/07/2021,-122.97,100296.34
08/07/2021,08/07/2021,-1057.77,99238.57
10/07/2021,10/07/2021,-668.25,98570.32
14/07/2021,14/07/2021,-150.98,98419.34
16/07/2021,16/07/2021,-398.75,98020.59
22/07/2021,22/07/2021,872.92,98893.51
23/07/2021,23/07/2021,-494.56,98398.95
24/07/2021,24/07/2021,237.47,98636.42
25/07/2021,25/07/2021,275.07,98911.49
27/07/2021,27/07/2021,434.14,99345.63
28/07/2021,28/07/2021,-228.15,99117.48
29/07/2021,29/07/2021,316.05,99433.53
09/08/2021,09/08/2021,-146.91,99286.62
12/08/2021,12/08/2021,-291.69,98994.93
15/08/2021,15/08/2021,1664.08,100659.01
21/08/2021,21/08/2021,-257.94,100401.07
24/08/2021,24/08/2021,-1333.18,99067.89
27/08/2021,27/08/2021,-443.09,98624.80
29/08/2021,29/08/2021,-309.11,98315.69
04/09/2021,04/09/2021,-1004.59,97311.10
05/09/2021,24/08/2021,-3.42,97307.68
07/09/2021,07/09/2021,507.46,97815.14
08/09/2021,27/08/2021,415.49,98230.63
09/09/2021,09/09/2021,1631.42,99862.05
11/09/2021,11/09/2021,317.65,100179.70
12/09/2021,12/09/2021,-0.96,100178.74
16/09/2021,16/09/2021,212.49,100391.23
22/09/2021,22/09/2021,-154.65,100236.58
24/09/2021,24/09/2021,-657.74,99578.84
25/09/2021,25/09/2021,-129.38,99449.46
29/09/2021,29/09/2021,-91.92,99357.54
10/10/2021,10/10/2021,-786.77,98570.77
11/10/2021,11/10/2021,806.50,99377.27
13/10/2021,13/10/2021,163.13,99540.40
19/10/2021,19/10/2021,-942.73,98597.67
21/10/2021,21/10/2021,-176.58,98421.09
27/10/2021,27/10/2021,-324.83,98096.26
07/11/2021,26/10/2021,-697.56,97398.70
08/11/2021,08/11/2021,-315.95,97082.75
14/11/2021,14/11/2021,-329.67,96753.08
17/11/2021,17/11/2021,396.66,97149.74
18/11/2021,18/11/2021,1361.05,98510.79
19/11/2021,19/11/2021,362.29,98873.08
21/11/2021,21/11/2021,519.47,99392.55
22/11/2021,22/11/2021,471.50,99864.05
24/11/2021,24/11/2021,-503.28,99360.77
26/11/2021,26/11/2021,376.34,99737.11
28/11/2021,28/11/2021,3.35,99740.46
04/12/2021,04/12/2021,-865.67,98874.79
05/12/2021,05/12/2021,-622.51,98252.28
06/12/2021,06/12/2021,620.83,98873.11
10/12/2021,10/12/2021,47.92,98921.03
21/12/2021,21/12/2021,309.42,99230.45
22/12/2021,22/12/2021,424.21,99654.66
23/12/2021,23/12/2021,-1305.38,98349.28
24/12/2021,24/12/2021,-1098.12,97251.16
28/12/2021,28/12/2021,-607.51,96643.65
30/12/2021,30/12/2021,-1026.28,95617.37
05/01/2022,05/01/2022,390.42,96007.79
16/01/2022,16/01/2022,2126.56,98134.35
20/01/2022,20/01/2022,-697.63,97436.72
31/01/2022,31/01/2022,-616.72,96820.00
03/02/2022,03/02/2022,273.76,97093.76
14/02/2022,14/02/2022,18.27,97112.03
15/02/2022,15/02/2022,412.27,97524.30
16/02/2022,16/02/2022,-636.49,96887.81
18/02/2022,18/02/2022,216.42,97104.23
24/02/2022,24/02/2022,-1184.53,95919.70
26/02/2022,26/02/2022,884.13,96803.83
04/03/2022,04/03/2022,-995.08,95808.75
06/03/2022,06/03/2022,9.47,95818.22
08/03/2022,08/03/2022,-42.74,95775.48
14/03/2022,14/03/2022,251.65,96027.13
18/03/2022,18/03/2022,498.53,96525.66
24/03/2022,24/03/2022,510.25,97035.91
27/03/2022,27/03/2022,-131.31,96904.60
29/03/2022,29/03/2022,304.27,97208.87
30/03/2022,30/03/2022,746.73,97955.60
01/04/2022,01/04/2022,-1179.30,96776.30
02/04/2022,02/04/2022,-1266.40,95509.90
03/04/2022,03/04/2022,-607.46,94902.44
07/04/2022,07/04/2022,-223.62,94678.82
08/04/2022,08/04/2022,-21.90,94656.92
09/04/2022,09/04/2022,171.15,94828.07
10/04/2022,10/04/2022,11.21,94839.28
21/04/2022,21/04/2022,-29.10,94810.18
23/04/2022,23/04/2022,1049.16,95859.34
24/04/2022,24/04/2022,314.18,96173.52
05/05/2022,05/05/2022,369.99,96543.51
16/05/2022,16/05/2022,498.28,97041.79
20/05/2022,20/05/2022,-381.30,96660.49
21/05/2022,21/05/2022,22.27,96682.76
23/05/2022,23/05/2022,-968.77,95713.99
24/05/2022,24/05/2022,-1238.98,94475.01
28/05/2022,28/05/2022,14.29,94489.30
01/06/2022,01/06/2022,1033.65,95522.95
03/06/2022,03/06/2022,-807.57,94715.38
09/06/2022,09/06/2022,-663.74,94051.64
11/06/2022,11/06/2022,119.92,94171.56
22/06/2022,10/06/2022,97.43,94268.99
23/06/2022,23/06/2022,-169.40,94099.59
24/06/2022,24/06/2022,447.11,94546.70
27/06/2022,27/06/2022,384.93,94931.63
03/07/2022,03/07/2022,282.96,95214.59
05/07/2022,05/07/2022,717.52,95932.11
07/07/2022,07/07/2022,343.67,96275.78
08/07/2022,08/07/2022,-558.40,95717.38
10/07/2022,10/07/2022,-1216.72,94500.66
12/07/2022,12/07/2022,-1334.30,93166.36
15/07/2022,03/07/2022,18.83,93185.19
19/07/2022,19/07/2022,171.88,93357.07
20/07/2022,20/07/2022,-190.86,93166.21
22/07/2022,22/07/2022,263.58,93429.79
23/07/2022,23/07/2022,763.61,94193.40
26/07/2022,26/07/2022,-1003.06,93190.34
27/07/2022,27/07/2022,-162.67,93027.67
28/07/2022,28/07/2022,-70.07,92957.60
29/07/2022,29/07/2022,393.86,93351.46
30/07/2022,30/07/2022,416.23,93767.69
05/08/2022,05/08/2022,81.62,93849.31
11/08/2022,11/08/2022,-575.52,93273.79
15/08/2022,15/08/2022,-681.58,92592.21
16/08/2022,16/08/2022,907.64,93499.85
18/08/2022,18/08/2022,-1326.73,92173.12
19/08/2022,19/08/2022,-408.72,91764.40
20/08/2022,20/08/2022,466.58,92230.98
24/08/2022,24/08/2022,547.86,92778.84
26/08/2022,26/08/2022,492.79,93271.63
01/09/2022,01/09/2022,-1198.81,92072.82
02/09/2022,02/09/2022,-519.80,91553.02
03/09/2022,03/09/2022,-790.78,90762.24
14/09/2022,14/09/2022,708.26,91470.50
16/09/2022,16/09/2022,391.69,91862.19
22/09/2022,22/09/2022,-258.90,91603.29
25/09/2022,25/09/2022,-600.48,91002.81
26/09/2022,26/09/2022,-53.55,90949.26
30/09/2022,30/09/2022,-156.22,90793.04
01/10/2022,01/10/2022,-260.69,90532.35
04/10/2022,04/10/2022,-69.07,90463.28
10/10/2022,10/10/2022,-993.74,89469.54
14/10/2022,14/10/2022,740.83,90210.37
15/10/2022,15/10/2022,193.60,90403.97
18/10/2022,18/10/2022,26.42,90430.39
19/10/2022,19/10/2022,45.29,90475.68
20/10/2022,20/10/2022,547.94,91023.62
31/10/2022,31/10/2022,477.71,91501.33
03/11/2022,03/11/2022,126.78,91628.11
07/11/2022,07/11/2022,23.96,91652.07
18/11/2022,18/11/2022,550.64,92202.71
20/11/2022,20/11/2022,586.17,92788.88
01/12/2022,01/12/2022,-334.38,92454.50
02/12/2022,02/12/2022,317.66,92772.16
03/12/2022,03/12/2022,41.24,92813.40
14/12/2022,14/12/2022,551.26,93364.66
16/12/2022,16/12/2022,-765.44,92599.22
22/12/2022,22/12/2022,-134.62,92464.60
24/12/2022,24/12/2022,223.74,92688.34
25/12/2022,25/12/2022,-429.49,92258.85
27/12/2022,27/12/2022,1231.31,93490.16
29/12/2022,29/12/2022,-375.05,93115.11
31/12/2022,31/12/2022,-274.11,92841.00
02/01/2023,02/01/2023,-1296.86,91544.14
03/01/2023,03/01/2023,154.58,91698.72
09/01/2023,09/01/2023,257.84,91956.56
13/01/2023,13/01/2023,526.97,92483.53
14/01/2023,14/01/2023,526.66,93010.19
25/01/2023,25/01/2023,-828.91,92181.28
29/01/2023,29/01/2023,1194.63,93375.91
01/02/2023,01/02/2023,320.09,93696.00
03/02/2023,03/02/2023,-337.25,93358.75
09/02/2023,09/02/2023,173.12,93531.87
10/02/2023,10/02/2023,-115.42,93416.45
16/02/2023,16/02/2023,468.56,93885.01
19/02/2023,19/02/2023,-284.61,93600.40
21/02/2023,21/02/2023,-240.43,93359.97
22/02/2023,22/02/2023,272.38,93632.35
25/02/2023,25/02/2023,1249.50,94881.85
26/02/2023,26/02/2023,-216.87,94664.98
09/03/2023,09/03/2023,31.91,94696.89
11/03/2023,11/03/2023,-520.63,94176.26
12/03/2023,12/03/2023,-264.90,93911.36
14/03/2023,14/03/2023,193.61,94104.97
20/03/2023,20/03/2023,8.91,94113.88
23/03/2023,23/03/2023,-1335.90,92777.98
24/03/2023,24/03/2023,-212.64,92565.34
04/04/2023,04/04/2023,662.13,93227.47
05/04/2023,05/04/2023,-49.28,93178.19
16/04/2023,16/04/2023,527.79,93705.98
17/04/2023,17/04/2023,-89.92,93616.06
23/04/2023,23/04/2023,-496.63,93119.43
24/04/2023,24/04/2023,-1151.07,91968.36
25/04/2023,25/04/2023,-849.07,91119.29
27/04/2023,27/04/2023,-711.06,90408.23
28/04/2023,28/04/2023,-263.26,90144.97
09/05/2023,09/05/2023,1919.29,92064.26
13/05/2023,13/05/2023,-1317.55,90746.71
15/05/2023,15/05/2023,-174.21,90572.50
21/05/2023,21/05/2023,-869.03,89703.47
22/05/2023,22/05/2023,275.81,89979.28
02/06/2023,02/06/2023,-134.69,89844.59
03/06/2023,03/06/2023,82.46,89927.05
09/06/2023,09/06/2023,-67.25,89859.80
13/06/2023,13/06/2023,-534.46,89325.34
15/06/2023,15/06/2023,923.40,90248.74
16/06/2023,16/06/2023,309.50,90558.24
18/06/2023,18/06/2023,188.82,90747.06
19/06/2023,19/06/2023,-468.37,90278.69
21/06/2023,21/06/2023,-154.63,90124.06
22/06/2023,22/06/2023,-872.54,89251.52
23/06/2023,23/06/2023,258.84,89510.36
25/06/2023,25/06/2023,-648.28,88862.08
25/06/2023,25/06/2023,648.28,89510.36
25/06/2023,25/06/2023,-648.28,88862.08
25/06/2023,25/06/2023,648.28,89510.36
25/06/2023,25/06/2023,405.71,89916.07
27/06/2023,27/06/2023,80.15,89996.22
30/06/2023,30/06/2023,-38.69,89957.53
06/07/2023,06/07/2023,-142.35,89815.18
07/07/2023,07/07/2023,-257.69,89557.49
09/07/2023,09/07/2023,558.13,90115.62
13/07/2023,13/07/2023,-1180.63,88934.99
15/07/2023,15/07/2023,2222.67,91157.66
17/07/2023,17/07/2023,-275.07,90882.59
28/07/2023,28/07/2023,-216.42,90666.17
30/07/2023,30/07/2023,-1162.93,89503.24
01/08/2023,01/08/2023,533.10,90036.34
03/08/2023,03/08/2023,188.91,90225.25
04/08/2023,04/08/2023,-86.56,90138.69
05/08/2023,05/08/2023,363.71,90502.40
11/08/2023,11/08/2023,245.22,90747.62
12/08/2023,12/08/2023,1258.88,92006.50
13/08/2023,13/08/2023,-174.72,91831.78
14/08/2023,14/08/2023,-417.48,91414.30
25/08/2023,25/08/2023,-466.02,90948.28
26/08/2023,26/08/2023,-191.99,90756.29
01/09/2023,01/09/2023,-1330.21,89426.08
07/09/2023,07/09/2023,-268.82,89157.26
09/09/2023,09/09/2023,-308.99,88848.27
10/09/2023,10/09/2023,-294.15,88554.12
21/09/2023,21/09/2023,997.45,89551.57
27/09/2023,27/09/2023,-183.74,89367.83
08/10/2023,08/10/2023,311.75,89679.58
10/10/2023,10/10/2023,-1221.82,88457.76
11/10/2023,11/10/2023,367.61,88825.37
17/10/2023,17/10/2023,412.68,89238.05
19/10/2023,19/10/2023,-317.04,88921.01
25/10/2023,25/10/2023,-305.40,88615.61
27/10/2023,27/10/2023,560.77,89176.38
28/10/2023,28/10/2023,1998.08,91174.46
31/10/2023,31/10/2023,534.12,91708.58
01/11/2023,01/11/2023,107.93,91816.51
02/11/2023,02/11/2023,-473.55,91342.96
04/11/2023,23/10/2023,-723.60,90619.36
05/11/2023,05/11/2023,340.31,90959.67
08/11/2023,08/11/2023,-1325.30,89634.37
12/11/2023,12/11/2023,-552.72,89081.65
13/11/2023,13/11/2023,-1111.20,87970.45
14/11/2023,14/11/2023,1831.94,89802.39
18/11/2023,18/11/2023,-894.40,88907.99
29/11/2023,29/11/2023,-453.74,88454.25
01/12/2023,01/12/2023,-1186.68,87267.57
04/12/2023,04/12/2023,62.96,87330.53
05/12/2023,05/12/2023,-526.15,86804.38
16/12/2023,16/12/2023,-1112.39,85691.99
17/12/2023,17/12/2023,-1282.47,84409.52
20/12/2023,20/12/2023,-1099.10,83310.42
22/12/2023,22/12/2023,2077.35,85387.77
25/12/2023,25/12/2023,-36.35,85351.42
27/12/2023,15/12/2023,97.62,85449.04
29/12/2023,29/12/2023,-342.67,85106.37
02/01/2024,02/01/2024,-824.98,84281.39
03/01/2024,03/01/2024,-145.33,84136.06
05/01/2024,05/01/2024,531.10,84667.16
06/01/2024,06/01/2024,-83.96,84583.20
08/01/2024,08/01/2024,408.09,84991.29
11/01/2024,11/01/2024,633.92,85625.21
12/01/2024,12/01/2024,323.84,85949.05
14/01/2024,14/01/2024,-20.94,85928.11
17/01/2024,17/01/2024,24.86,85952.97
18/01/2024,18/01/2024,394.26,86347.23
20/01/2024,20/01/2024,-112.15,86235.08
24/01/2024,24/01/2024,551.81,86786.89
25/01/2024,25/01/2024,-640.04,86146.85
26/01/2024,26/01/2024,-271.91,85874.94
27/01/2024,27/01/2024,845.59,86720.53
28/01/2024,28/01/2024,-402.36,86318.17
30/01/2024,30/01/2024,358.50,86676.67
31/01/2024,31/01/2024,-155.65,86521.02
01/02/2024,01/02/2024,208.94,86729.96
03/02/2024,03/02/2024,-195.08,86534.88
04/02/2024,04/02/2024,-1052.87,85482.01
06/02/2024,06/02/2024,-238.15,85243.86
10/02/2024,10/02/2024,-762.61,84481.25
11/02/2024,11/02/2024,653.29,85134.54
12/02/2024,12/02/2024,377.85,85512.39
16/02/2024,16/02/2024,244.89,85757.28
22/02/2024,22/02/2024,320.86,86078.14
26/02/2024,26/02/2024,229.42,86307.56
27/02/2024,27/02/2024,-317.34,85990.22
28/02/2024,28/02/2024,-297.46,85692.76
02/03/2024,02/03/2024,-811.70,84881.06
03/03/2024,03/03/2024,-148.19,84732.87
05/03/2024,05/03/2024,1724.18,86457.05
16/03/2024,16/03/2024,-14.73,86442.32
17/03/2024,05/03/2024,-166.18,86276.14
28/03/2024,28/03/2024,547.09,86823.23
30/03/2024,30/03/2024,-142.41,86680.82
02/04/2024,02/04/2024,309.62,86990.44
13/04/2024,13/04/2024,547.66,87538.10
19/04/2024,19/04/2024,24.32,87562.42
20/04/2024,20/04/2024,-31.85,87530.57
21/04/2024,21/04/2024,745.61,88276.18
23/04/2024,23/04/2024,-107.04,88169.14
25/04/2024,25/04/2024,-35.92,88133.22
27/04/2024,27/04/2024,-1280.16,86853.06
28/04/2024,28/04/2024,-1276.78,85576.28
29/04/2024,29/04/2024,-362.93,85213.35
02/05/2024,02/05/2024,-727.12,84486.23
03/05/2024,03/05/2024,-574.26,83911.97
09/05/2024,09/05/2024,-283.55,83628.42
10/05/2024,10/05/2024,1004.20,84632.62
12/05/2024,12/05/2024,-37.83,84594.79
18/05/2024,18/05/2024,509.40,85104.19
19/05/2024,19/05/2024,113.92,85218.11
21/05/2024,21/05/2024,-1003.01,84215.10
23/05/2024,23/05/2024,190.90,84406.00
24/05/2024,24/05/2024,510.06,84916.06
30/05/2024,30/05/2024,-1205.26,83710.80
31/05/2024,31/05/2024,-1024.88,82685.92
01/06/2024,01/06/2024,762.82,83448.74
03/06/2024,03/06/2024,-794.07,82654.67
04/06/2024,04/06/2024,-395.67,82259.00
07/06/2024,07/06/2024,445.24,82704.24
11/06/2024,11/06/2024,-1243.32,81460.92
13/06/2024,13/06/2024,-1053.29,80407.63
15/06/2024,15/06/2024,-1169.98,79237.65
17/06/2024,17/06/2024,160.16,79397.81
20/06/2024,20/06/2024,-1144.71,78253.10
21/06/2024,21/06/2024,971.37,79224.47
23/06/2024,23/06/2024,-570.73,78653.74
24/06/2024,24/06/2024,-490.16,78163.58
05/07/2024,05/07/2024,-1197.76,76965.82
08/07/2024,08/07/2024,295.51,77261.33
09/07/2024,09/07/2024,-392.57,76868.76
10/07/2024,10/07/2024,494.44,77363.20
11/07/2024,11/07/2024,348.43,77711.63
12/07/2024,12/07/2024,-289.88,77421.75
13/07/2024,13/07/2024,1498.23,78919.98
14/07/2024,14/07/2024,251.64,79171.62
16/07/2024,16/07/2024,196.84,79368.46
18/07/2024,18/07/2024,26.49,79394.95
19/07/2024,19/07/2024,-859.71,78535.24
20/07/2024,08/07/2024,-190.38,78344.86
22/07/2024,22/07/2024,83.59,78428.45
02/08/2024,02/08/2024,354.50,78782.95
04/08/2024,04/08/2024,-985.84,77797.11
05/08/2024,05/08/2024,1076.73,78873.84
06/08/2024,06/08/2024,185.98,79059.82
10/08/2024,10/08/2024,500.62,79560.44
16/08/2024,16/08/2024,-435.28,79125.16
20/08/2024,20/08/2024,119.76,79244.92
24/08/2024,24/08/2024,109.51,79354.43
25/08/2024,25/08/2024,-447.75,78906.68
31/08/2024,31/08/2024,156.47,79063.15
02/09/2024,02/09/2024,-30.74,79032.41
03/09/2024,03/09/2024,1315.95,80348.36
05/09/2024,05/09/2024,288.91,80637.27
16/09/2024,16/09/2024,-891.88,79745.39
22/09/2024,22/09/2024,-219.94,79525.45
26/09/2024,26/09/2024,-625.11,78900.34
07/10/2024,07/10/2024,-125.21,78775.13
13/10/2024,13/10/2024,-63.27,78711.86
14/10/2024,14/10/2024,-142.98,78568.88
15/10/2024,15/10/2024,-576.59,77992.29
17/10/2024,17/10/2024,1183.68,79175.97
19/10/2024,19/10/2024,-252.62,78923.35
20/10/2024,20/10/2024,-1282.44,77640.91
21/10/2024,21/10/2024,-1229.78,76411.13
22/10/2024,22/10/2024,-553.31,75857.82
24/10/2024,24/10/2024,199.82,76057.64
27/10/2024,27/10/2024,351.94,76409.58
30/10/2024,30/10/2024,-368.63,76040.95
31/10/2024,31/10/2024,41.60,76082.55
03/11/2024,03/11/2024,712.77,76795.32
06/11/2024,06/11/2024,-327.74,76467.58
10/11/2024,10/11/2024,-70.90,76396.68
13/11/2024,13/11/2024,427.73,76824.41
15/11/2024,15/11/2024,118.60,76943.01
16/11/2024,16/11/2024,-221.36,76721.65
20/11/2024,20/11/2024,-1070.33,75651.32
23/11/2024,23/11/2024,421.84,76073.16
25/11/2024,25/11/2024,-1249.20,74823.96
27/11/2024,27/11/2024,2105.54,76929.50
28/11/2024,28/11/2024,413.30,77342.80
29/11/2024,29/11/2024,-56.67,77286.13
03/12/2024,03/12/2024,427.75,77713.88
04/12/2024,04/12/2024,-15.90,77697.98
06/12/2024,24/11/2024,554.07,78252.05
17/12/2024,17/12/2024,-817.84,77434.21
18/12/2024,18/12/2024,99.10,77533.31
20/12/2024,20/12/2024,-250.71,77282.60
21/12/2024,21/12/2024,966.83,78249.43
22/12/2024,22/12/2024,344.57,78594.00
23/12/2024,23/12/2024,-1166.70,77427.30
29/12/2024,29/12/2024,-939.81,76487.49
04/01/2025,04/01/2025,-64.42,76423.07
05/01/2025,05/01/2025,-322.79,76100.28
07/01/2025,07/01/2025,255.20,76355.48
09/01/2025,09/01/2025,-315.49,76039.99
11/01/2025,11/01/2025,-107.15,75932.84
14/01/2025,14/01/2025,671.36,76604.20
16/01/2025,16/01/2025,511.95,77116.15
20/01/2025,20/01/2025,-550.10,76566.05
21/01/2025,21/01/2025,493.65,77059.70
23/01/2025,23/01/2025,-842.52,76217.18
23/01/2025,23/01/2025,842.52,77059.70
23/01/2025,23/01/2025,-842.52,76217.18
23/01/2025,23/01/2025,842.52,77059.70
23/01/2025,23/01/2025,-987.72,76071.98
24/01/2025,24/01/2025,723.14,76795.12
26/01/2025,26/01/2025,442.06,77237.18
30/01/2025,30/01/2025,-291.88,76945.30
31/01/2025,31/01/2025,-524.80,76420.50
02/02/2025,02/02/2025,-189.74,76230.76
05/02/2025,05/02/2025,526.29,76757.05
06/02/2025,06/02/2025,-1082.08,75674.97
07/02/2025,07/02/2025,-203.89,75471.08
10/02/2025,10/02/2025,-253.00,75218.08
14/02/2025,14/02/2025,863.75,76081.83
15/02/2025,15/02/2025,408.75,76490.58
21/02/2025,21/02/2025,-339.09,76151.49
23/02/2025,23/02/2025,340.48,76491.97
01/03/2025,01/03/2025,-1307.05,75184.92
04/03/2025,04/03/2025,-329.48,74855.44
05/03/2025,05/03/2025,240.13,75095.57
07/03/2025,07/03/2025,412.04,75507.61
10/03/2025,10/03/2025,-312.08,75195.53
11/03/2025,11/03/2025,1617.10,76812.63
12/03/2025,12/03/2025,125.69,76938.32
18/03/2025,18/03/2025,297.28,77235.60
19/03/2025,19/03/2025,-339.93,76895.67
21/03/2025,21/03/2025,386.68,77282.35
27/03/2025,27/03/2025,-36.43,77245.92
28/03/2025,28/03/2025,-755.84,76490.08
30/03/2025,30/03/2025,481.83,76971.91
02/04/2025,02/04/2025,477.35,77449.26
03/04/2025,22/03/2025,2318.86,79768.12
05/04/2025,05/04/2025,168.56,79936.68
07/04/2025,07/04/2025,-336.57,79600.11
09/04/2025,09/04/2025,-390.28,79209.83
20/04/2025,20/04/2025,5.86,79215.69
22/04/2025,22/04/2025,474.72,79690.41
23/04/2025,23/04/2025,-193.01,79497.40
25/04/2025,25/04/2025,-295.25,79202.15
28/04/2025,28/04/2025,-934.33,78267.82
29/04/2025,29/04/2025,1940.37,80208.19
01/05/2025,01/05/2025,322.73,80530.92
02/05/2025,02/05/2025,-855.75,79675.17
04/05/2025,04/05/2025,280.87,79956.04
15/05/2025,15/05/2025,242.85,80198.89
16/05/2025,16/05/2025,139.04,80337.93
17/05/2025,17/05/2025,175.68,80513.61
21/05/2025,21/05/2025,397.84,80911.45
22/05/2025,22/05/2025,-380.65,80530.80
23/05/2025,23/05/2025,895.82,81426.62
24/05/2025,24/05/2025,-83.59,81343.03
26/05/2025,26/05/2025,-1261.89,80081.14
27/05/2025,27/05/2025,-277.02,79804.12
29/05/2025,29/05/2025,-440.20,79363.92
30/05/2025,30/05/2025,-1016.31,78347.61
03/06/2025,03/06/2025,-540.29,77807.32
04/06/2025,04/06/2025,-421.09,77386.23
08/06/2025,08/06/2025,58.38,77444.61
09/06/2025,09/06/2025,2050.57,79495.18
12/06/2025,12/06/2025,-1174.71,78320.47
13/06/2025,13/06/2025,237.84,78558.31
14/06/2025,14/06/2025,-488.57,78069.74
15/06/2025,15/06/2025,-183.24,77886.50
26/06/2025,26/06/2025,205.35,78091.85
27/06/2025,27/06/2025,399.60,78491.45
28/06/2025,28/06/2025,-291.63,78199.82
09/07/2025,09/07/2025,-301.66,77898.16
10/07/2025,10/07/2025,2386.28,80284.44
11/07/2025,11/07/2025,458.50,80742.94
22/07/2025,22/07/2025,312.51,81055.45
28/07/2025,28/07/2025,541.69,81597.14
30/07/2025,30/07/2025,-542.09,81055.05
01/08/2025,01/08/2025,415.13,81470.18
04/08/2025,04/08/2025,460.62,81930.80
06/08/2025,06/08/2025,-419.51,81511.29
08/08/2025,08/08/2025,-1327.78,80183.51
12/08/2025,12/08/2025,2099.96,82283.47
23/08/2025,23/08/2025,-485.54,81797.93
24/08/2025,24/08/2025,532.80,82330.73
27/08/2025,27/08/2025,-258.25,82072.48
28/08/2025,28/08/2025,-574.83,81497.65
03/09/2025,03/09/2025,-2.47,81495.18
06/09/2025,06/09/2025,482.17,81977.35
08/09/2025,08/09/2025,-333.78,81643.57
10/09/2025,10/09/2025,-1039.80,80603.77
21/09/2025,21/09/2025,2141.86,82745.63
02/10/2025,02/10/2025,-337.77,82407.86
06/10/2025,06/10/2025,-328.14,82079.72
07/10/2025,07/10/2025,-534.97,81544.75
08/10/2025,08/10/2025,55.73,81600.48
09/10/2025,09/10/2025,344.97,81945.45
12/10/2025,12/10/2025,-775.27,81170.18
23/10/2025,23/10/2025,-438.89,80731.29
24/10/2025,24/10/2025,248.59,80979.88
26/10/2025,26/10/2025,1146.41,82126.29
27/10/2025,27/10/2025,-1307.84,80818.45
28/10/2025,28/10/2025,-1043.24,79775.21
30/10/2025,30/10/2025,-685.43,79089.78
03/11/2025,03/11/2025,70.38,79160.16
07/11/2025,07/11/2025,-322.86,78837.30
11/11/2025,11/11/2025,-517.99,78319.31
13/11/2025,13/11/2025,-214.68,78104.63
15/11/2025,15/11/2025,-1041.21,77063.42
26/11/2025,26/11/2025,2072.71,79136.13
27/11/2025,27/11/2025,480.11,79616.24
28/11/2025,28/11/2025,-1275.07,78341.17
09/12/2025,09/12/2025,255.57,78596.74
20/12/2025,20/12/2025,-669.89,77926.85
31/12/2025,31/12/2025,-265.32,77661.53
01/01/2026,01/01/2026,-198.44,77463.09
07/01/2026,07/01/2026,-1328.26,76134.83
18/01/2026,18/01/2026,-443.86,75690.97
22/01/2026,22/01/2026,1015.29,76706.26
23/01/2026,23/01/2026,182.50,76888.76
24/01/2026,24/01/2026,-346.85,76541.91
30/01/2026,30/01/2026,-156.14,76385.77
02/02/2026,02/02/2026,-1239.30,75146.47
06/02/2026,06/02/2026,-121.73,75024.74
10/02/2026,10/02/2026,-669.40,74355.34
13/02/2026,13/02/2026,-21.07,74334.27
24/02/2026,24/02/2026,-96.61,74237.66
26/02/2026,26/02/2026,626.71,74864.37
28/02/2026,28/02/2026,49.88,74914.25
01/03/2026,01/03/2026,223.81,75138.06
02/03/2026,02/03/2026,-84.95,75053.11
05/03/2026,05/03/2026,-1142.04,73911.07
06/03/2026,06/03/2026,-1121.61,72789.46
07/03/2026,07/03/2026,-1051.00,71738.46
08/03/2026,08/03/2026,109.22,71847.68
10/03/2026,10/03/2026,90.30,71937.98
12/03/2026,28/02/2026,1029.10,72967.08
15/03/2026,15/03/2026,-1067.75,71899.33
18/03/2026,18/03/2026,-862.16,71037.17
20/03/2026,20/03/2026,-570.78,70466.39
21/03/2026,21/03/2026,267.17,70733.56
27/03/2026,27/03/2026,316.14,71049.70
28/03/2026,28/03/2026,217.18,71266.88
29/03/2026,29/03/2026,-678.96,70587.92
30/03/2026,30/03/2026,460.24,71048.16
01/04/2026,01/04/2026,681.30,71729.46
04/04/2026,04/04/2026,-326.42,71403.04
05/04/2026,05/04/2026,449.48,71852.52
08/04/2026,08/04/2026,-1302.49,70550.03
19/04/2026,19/04/2026,274.35,70824.38
30/04/2026,30/04/2026,255.82,71080.20
06/05/2026,06/05/2026,-335.70,70744.50
17/05/2026,17/05/2026,517.07,71261.57
19/05/2026,19/05/2026,382.72,71644.29
21/05/2026,21/05/2026,2329.71,73974.00
24/05/2026,24/05/2026,308.86,74282.86
26/05/2026,26/05/2026,-1286.70,72996.16
06/06/2026,06/06/2026,-355.81,72640.35
07/06/2026,07/06/2026,99.42,72739.77
08/06/2026,08/06/2026,-121.89,72617.88
10/06/2026,10/06/2026,423.80,73041.68
16/06/2026,16/06/2026,-635.51,72406.17
27/06/2026,15/06/2026,-1307.06,71099.11
01/07/2026,01/07/2026,1414.49,72513.60
07/07/2026,07/07/2026,-744.22,71769.38
13/07/2026,13/07/2026,90.61,71859.99
15/07/2026,15/07/2026,-905.52,70954.47
26/07/2026,26/07/2026,93.66,71048.13
29/07/2026,29/07/2026,-1298.93,69749.20
04/08/2026,04/08/2026,294.25,70043.45
10/08/2026,10/08/2026,-595.18,69448.27
12/08/2026,12/08/2026,-291.83,69156.44
13/08/2026,13/08/2026,1909.89,71066.33
24/08/2026,24/08/2026,-242.38,70823.95
04/09/2026,04/09/2026,511.16,71335.11
05/09/2026,05/09/2026,41.53,71376.64
09/09/2026,09/09/2026,-988.94,70387.70
11/09/2026,11/09/2026,501.43,70889.13
22/09/2026,22/09/2026,-202.13,70687.00
23/09/2026,23/09/2026,-636.92,70050.08
25/09/2026,25/09/2026,-127.41,69922.67
01/10/2026,01/10/2026,610.87,70533.54
04/10/2026,04/10/2026,379.55,70913.09
05/10/2026,05/10/2026,57.86,70970.95
06/10/2026,06/10/2026,318.25,71289.20
12/10/2026,12/10/2026,181.80,71471.00
13/10/2026,13/10/2026,-449.78,71021.22
16/10/2026,16/10/2026,-511.86,70509.36
18/10/2026,18/10/2026,115.85,70625.21
19/10/2026,19/10/2026,117.83,70743.04
30/10/2026,30/10/2026,2460.63,73203.67
05/11/2026,05/11/2026,-1330.42,71873.25
08/11/2026,08/11/2026,-110.25,71763.00
19/11/2026,19/11/2026,65.06,71828.06
23/11/2026,23/11/2026,-487.68,71340.38
29/11/2026,29/11/2026,-809.23,70531.15
30/11/2026,30/11/2026,-1087.76,69443.39
01/12/2026,01/12/2026,157.24,69600.63
05/12/2026,05/12/2026,245.32,69845.95
06/12/2026,06/12/2026,1047.55,70893.50
08/12/2026,08/12/2026,-1017.18,69876.32
09/12/2026,09/12/2026,32.64,69908.96
15/12/2026,03/12/2026,-182.11,69726.85
18/12/2026,18/12/2026,47.38,69774.23
20/12/2026,20/12/2026,-421.90,69352.33
22/12/2026,22/12/2026,-510.44,68841.89
02/01/2027,02/01/2027,-497.39,68344.50
08/01/2027,08/01/2027,162.38,68506.88
09/01/2027,09/01/2027,2287.74,70794.62
11/01/2027,11/01/2027,-522.15,70272.47
11/01/2027,11/01/2027,522.15,70794.62
11/01/2027,11/01/2027,-522.15,70272.47
11/01/2027,11/01/2027,522.15,70794.62
11/01/2027,11/01/2027,10.21,70804.83
14/01/2027,14/01/2027,-7.15,70797.68
15/01/2027,15/01/2027,235.33,71033.01
19/01/2027,19/01/2027,269.66,71302.67
21/01/2027,21/01/2027,1861.70,73164.37
23/01/2027,23/01/2027,65.79,73230.16
24/01/2027,24/01/2027,-396.86,72833.30
30/01/2027,30/01/2027,380.20,73213.50
10/02/2027,10/02/2027,-1295.34,71918.16
21/02/2027,09/02/2027,-1314.39,70603.77
04/03/2027,04/03/2027,-239.83,70363.94
05/03/2027,05/03/2027,-26.66,70337.28
06/03/2027,06/03/2027,-895.74,69441.54
07/03/2027,23/02/2027,1160.34,70601.88
11/03/2027,11/03/2027,104.19,70706.07
15/03/2027,15/03/2027,439.81,71145.88
18/03/2027,18/03/2027,-1303.07,69842.81
19/03/2027,19/03/2027,-251.60,69591.21
20/03/2027,20/03/2027,-98.75,69492.46
22/03/2027,22/03/2027,-576.98,68915.48
25/03/2027,25/03/2027,352.06,69267.54
27/03/2027,27/03/2027,-214.85,69052.69
28/03/2027,28/03/2027,1900.97,70953.66
31/03/2027,31/03/2027,-1180.50,69773.16
01/04/2027,01/04/2027,-288.07,69485.09
03/04/2027,03/04/2027,-1319.80,68165.29
05/04/2027,05/04/2027,-229.17,67936.12
09/04/2027,09/04/2027,-605.78,67330.34
10/04/2027,10/04/2027,-815.65,66514.69
12/04/2027,12/04/2027,-532.70,65981.99
16/04/2027,04/04/2027,-1300.84,64681.15
18/04/2027,18/04/2027,1045.78,65726.93
20/04/2027,20/04/2027,-1105.10,64621.83
22/04/2027,22/04/2027,-315.97,64305.86
23/04/2027,23/04/2027,41.05,64346.91
24/04/2027,24/04/2027,-1122.45,63224.46
26/04/2027,26/04/2027,488.98,63713.44
29/04/2027,29/04/2027,105.54,63818.98
01/05/2027,01/05/2027,-284.59,63534.39
02/05/2027,02/05/2027,103.08,63637.47
05/05/2027,05/05/2027,735.30,64372.77
06/05/2027,24/04/2027,-781.33,63591.44
08/05/2027,08/05/2027,318.57,63910.01
12/05/2027,30/04/2027,28.71,63938.72
14/05/2027,14/05/2027,482.77,64421.49
25/05/2027,25/05/2027,-1262.19,63159.30
26/05/2027,26/05/2027,-727.06,62432.24
28/05/2027,28/05/2027,82.44,62514.68
29/05/2027,29/05/2027,-783.05,61731.63
01/06/2027,01/06/2027,1091.00,62822.63
04/06/2027,04/06/2027,-476.28,62346.35
07/06/2027,07/06/2027,318.41,62664.76
09/06/2027,09/06/2027,-739.55,61925.21
10/06/2027,10/06/2027,4.37,61929.58
12/06/2027,12/06/2027,-973.40,60956.18
13/06/2027,13/06/2027,391.36,61347.54
15/06/2027,15/06/2027,-58.25,61289.29
16/06/2027,16/06/2027,-257.74,61031.55
22/06/2027,22/06/2027,1189.79,62221.34
26/06/2027,26/06/2027,275.11,62496.45
02/07/2027,02/07/2027,190.35,62686.80
04/07/2027,04/07/2027,-3.36,62683.44
05/07/2027,05/07/2027,-1105.76,61577.68
06/07/2027,06/07/2027,-87.73,61489.95
08/07/2027,08/07/2027,-182.44,61307.51
11/07/2027,11/07/2027,-264.25,61043.26
13/07/2027,13/07/2027,-285.56,60757.70
24/07/2027,24/07/2027,1231.97,61989.67
25/07/2027,25/07/2027,100.55,62090.22
26/07/2027,26/07/2027,-217.12,61873.10
01/08/2027,01/08/2027,-853.87,61019.23
03/08/2027,03/08/2027,9.07,61028.30
09/08/2027,09/08/2027,272.11,61300.41
10/08/2027,10/08/2027,-34.63,61265.78
14/08/2027,14/08/2027,98.43,61364.21
16/08/2027,16/08/2027,224.51,61588.72
22/08/2027,22/08/2027,2238.95,63827.67
23/08/2027,11/08/2027,-286.32,63541.35
26/08/2027,26/08/2027,-892.41,62648.94
28/08/2027,28/08/2027,-68.95,62579.99
30/08/2027,30/08/2027,-302.40,62277.59
01/09/2027,01/09/2027,-583.01,61694.58
02/09/2027,02/09/2027,-1101.51,60593.07
03/09/2027,03/09/2027,91.55,60684.62
04/09/2027,04/09/2027,-1056.71,59627.91
10/09/2027,10/09/2027,926.19,60554.10
13/09/2027,13/09/2027,279.23,60833.33
14/09/2027,14/09/2027,-20.72,60812.61
17/09/2027,17/09/2027,-105.54,60707.07
18/09/2027,18/09/2027,-325.72,60381.35
29/09/2027,29/09/2027,-930.53,59450.82
10/10/2027,10/10/2027,-497.71,58953.11
11/10/2027,11/10/2027,-1006.00,57947.11
17/10/2027,17/10/2027,-1063.49,56883.62
21/10/2027,21/10/2027,636.13,57519.75
25/10/2027,25/10/2027,-274.95,57244.80
26/10/2027,26/10/2027,386.56,57631.36
29/10/2027,29/10/2027,-417.70,57213.66
30/10/2027,30/10/2027,100.46,57314.12
02/11/2027,02/11/2027,37.10,57351.22
13/11/2027,13/11/2027,-62.05,57289.17
14/11/2027,14/11/2027,-532.44,56756.73
15/11/2027,15/11/2027,212.76,56969.49
16/11/2027,16/11/2027,1429.39,58398.88
17/11/2027,17/11/2027,-102.71,58296.17
20/11/2027,20/11/2027,33.34,58329.51
21/11/2027,21/11/2027,62.37,58391.88
23/11/2027,23/11/2027,-79.65,58312.23
24/11/2027,24/11/2027,-552.23,57760.00
25/11/2027,25/11/2027,-741.09,57018.91
27/11/2027,27/11/2027,-423.43,56595.48
08/12/2027,08/12/2027,-1327.20,55268.28
09/12/2027,09/12/2027,925.11,56193.39
11/12/2027,11/12/2027,-1097.19,55096.20
14/12/2027,14/12/2027,-564.04,54532.16
16/12/2027,16/12/2027,-222.26,54309.90
19/12/2027,19/12/2027,-1267.65,53042.25
21/12/2027,21/12/2027,-1128.01,51914.24
01/01/2028,01/01/2028,148.21,52062.45
02/01/2028,02/01/2028,-129.85,51932.60
04/01/2028,04/01/2028,-1003.74,50928.86
10/01/2028,10/01/2028,1656.87,52585.73
11/01/2028,11/01/2028,-859.38,51726.35
12/01/2028,12/01/2028,-146.96,51579.39
13/01/2028,13/01/2028,-76.13,51503.26
24/01/2028,24/01/2028,-1133.87,50369.39
04/02/2028,04/02/2028,-72.68,50296.71
15/02/2028,15/02/2028,-365.23,49931.48
16/02/2028,16/02/2028,-70.26,49861.22
17/02/2028,17/02/2028,-148.51,49712.71
20/02/2028,20/02/2028,1906.60,51619.31
21/02/2028,21/02/2028,425.30,52044.61
22/02/2028,22/02/2028,22.52,52067.13
04/03/2028,04/03/2028,-548.82,51518.31
06/03/2028,06/03/2028,306.54,51824.85
17/03/2028,17/03/2028,-741.44,51083.41
28/03/2028,28/03/2028,-1117.35,49966.06
29/03/2028,17/03/2028,-23.06,49943.00
30/03/2028,30/03/2028,-531.66,49411.34
01/04/2028,01/04/2028,704.26,50115.60
02/04/2028,02/04/2028,-1301.91,48813.69
04/04/2028,04/04/2028,-763.70,48049.99
15/04/2028,15/04/2028,35.73,48085.72
17/04/2028,17/04/2028,-775.04,47310.68
19/04/2028,19/04/2028,477.02,47787.70
21/04/2028,21/04/2028,377.05,48164.75
02/05/2028,02/05/2028,-895.01,47269.74
03/05/2028,03/05/2028,-875.17,46394.57
06/05/2028,06/05/2028,1252.26,47646.83
07/05/2028,07/05/2028,255.99,47902.82
09/05/2028,09/05/2028,-1129.32,46773.50
11/05/2028,11/05/2028,-837.15,45936.35
12/05/2028,12/05/2028,-1113.04,44823.31
14/05/2028,14/05/2028,-522.03,44301.28
15/05/2028,15/05/2028,-1160.15,43141.13
16/05/2028,16/05/2028,-970.15,42170.98
18/05/2028,18/05/2028,-278.13,41892.85
22/05/2028,22/05/2028,621.45,42514.30
24/05/2028,24/05/2028,-1021.29,41493.01
27/05/2028,27/05/2028,-835.90,40657.11
28/05/2028,28/05/2028,276.04,40933.15
29/05/2028,29/05/2028,-451.44,40481.71
01/06/2028,01/06/2028,123.24,40604.95
05/06/2028,05/06/2028,-143.48,40461.47
07/06/2028,07/06/2028,-210.72,40250.75
10/06/2028,10/06/2028,-289.61,39961.14
16/06/2028,16/06/2028,661.85,40622.99
22/06/2028,10/06/2028,-647.66,39975.33
03/07/2028,03/07/2028,-323.99,39651.34
14/07/2028,14/07/2028,-1166.95,38484.39
15/07/2028,15/07/2028,-158.95,38325.44
17/07/2028,17/07/2028,-9.37,38316.07
19/07/2028,19/07/2028,-254.73,38061.34
25/07/2028,25/07/2028,-713.71,37347.63
26/07/2028,26/07/2028,-914.83,36432.80
28/07/2028,28/07/2028,1275.56,37708.36
29/07/2028,29/07/2028,172.61,37880.97
30/07/2028,30/07/2028,145.64,38026.61
03/08/2028,03/08/2028,-121.23,37905.38
04/08/2028,04/08/2028,-302.30,37603.08
05/08/2028,05/08/2028,374.57,37977.65
09/08/2028,09/08/2028,-153.89,37823.76
15/08/2028,15/08/2028,263.29,38087.05
16/08/2028,16/08/2028,381.34,38468.39
18/08/2028,18/08/2028,1277.85,39746.24
29/08/2028,17/08/2028,-356.95,39389.29
30/08/2028,30/08/2028,-1219.79,38169.50
01/09/2028,01/09/2028,-613.19,37556.31
07/09/2028,07/09/2028,159.23,37715.54
09/09/2028,28/08/2028,251.10,37966.64
11/09/2028,11/09/2028,-1215.04,36751.60
15/09/2028,15/09/2028,308.38,37059.98
26/09/2028,26/09/2028,-351.03,36708.95
30/09/2028,30/09/2028,2152.38,38861.33
11/10/2028,11/10/2028,-1116.55,37744.78
13/10/2028,13/10/2028,51.39,37796.17
14/10/2028,14/10/2028,71.39,37867.56
16/10/2028,04/10/2028,250.89,38118.45
20/10/2028,20/10/2028,-364.82,37753.63
23/10/2028,23/10/2028,-477.29,37276.34
24/10/2028,24/10/2028,395.84,37672.18
30/10/2028,30/10/2028,491.57,38163.75
01/11/2028,01/11/2028,1096.00,39259.75
04/11/2028,04/11/2028,211.05,39470.80
05/11/2028,05/11/2028,-199.97,39270.83
08/11/2028,08/11/2028,403.57,39674.40
11/11/2028,11/11/2028,-799.62,38874.78
12/11/2028,12/11/2028,-769.07,38105.71
14/11/2028,14/11/2028,224.18,38329.89
25/11/2028,25/11/2028,-220.21,38109.68
06/12/2028,06/12/2028,282.66,38392.34
07/12/2028,07/12/2028,1546.25,39938.59
18/12/2028,18/12/2028,-1107.85,38830.74
19/12/2028,19/12/2028,172.11,39002.85
20/12/2028,20/12/2028,245.53,39248.38
24/12/2028,24/12/2028,-655.52,38592.86
25/12/2028,13/12/2028,486.62,39079.48
31/12/2028,31/12/2028,-629.37,38450.11
11/01/2029,11/01/2029,-146.79,38303.32
13/01/2029,13/01/2029,-851.28,37452.04
14/01/2029,14/01/2029,626.91,38078.95
16/01/2029,16/01/2029,-779.50,37299.45
20/01/2029,20/01/2029,-116.94,37182.51
26/01/2029,26/01/2029,-957.90,36224.61
30/01/2029,30/01/2029,45.47,36270.08
01/02/2029,01/02/2029,290.99,36561.07
03/02/2029,03/02/2029,-746.01,35815.06
09/02/2029,09/02/2029,-84.09,35730.97
10/02/2029,10/02/2029,-331.26,35399.71
11/02/2029,30/01/2029,2070.59,37470.30
17/02/2029,17/02/2029,475.36,37945.66
18/02/2029,18/02/2029,-159.95,37785.71
19/02/2029,19/02/2029,-1180.75,36604.96
21/02/2029,21/02/2029,-869.74,35735.22
25/02/2029,25/02/2029,190.08,35925.30
01/03/2029,01/03/2029,486.43,36411.73
02/03/2029,02/03/2029,265.16,36676.89
04/03/2029,04/03/2029,79.71,36756.60
06/03/2029,06/03/2029,1204.27,37960.87
17/03/2029,17/03/2029,-1168.86,36792.01
19/03/2029,19/03/2029,219.37,37011.38
21/03/2029,21/03/2029,469.51,37480.89
22/03/2029,22/03/2029,-443.48,37037.41
23/03/2029,23/03/2029,-629.53,36407.88
25/03/2029,25/03/2029,-922.41,35485.47
27/03/2029,27/03/2029,274.93,35760.40
30/03/2029,30/03/2029,-693.51,35066.89
31/03/2029,31/03/2029,2254.28,37321.17
06/04/2029,06/04/2029,96.40,37417.57
08/04/2029,08/04/2029,-690.37,36727.20
10/04/2029,10/04/2029,78.99,36806.19
14/04/2029,14/04/2029,-434.62,36371.57
15/04/2029,15/04/2029,407.04,36778.61
17/04/2029,17/04/2029,-1252.36,35526.25
21/04/2029,21/04/2029,300.18,35826.43
22/04/2029,22/04/2029,74.32,35900.75
23/04/2029,23/04/2029,1394.61,37295.36
26/04/2029,26/04/2029,84.54,37379.90
27/04/2029,27/04/2029,-60.84,37319.06
28/04/2029,28/04/2029,223.51,37542.57
29/04/2029,29/04/2029,170.73,37713.30
